{"cameraMode":{"drawMode":0,"name":"Shaded","section":"Shading Mode"},"sceneLighting":false,"audioPlay":false,"sceneViewState":{"m_AlwaysRefresh":false,"showFog":true,"showSkybox":false,"showFlares":true,"showImageEffects":true,"showParticleSystems":true,"showVisualEffectGraphs":true,"m_FxEnabled":true},"in2DMode":false,"pivot":{"x":-0.24985313415527345,"y":3.161980628967285,"z":0.060323476791381839},"rotation":{"x":0.10798058658838272,"y":-0.839958906173706,"z":0.18141335248947144,"w":0.500079870223999},"size":2.868022918701172,"orthographic":false}