{"cameraMode":{"drawMode":0,"name":"Shaded","section":"Shading Mode"},"sceneLighting":true,"audioPlay":false,"sceneViewState":{"m_AlwaysRefresh":false,"showFog":true,"showSkybox":true,"showFlares":true,"showImageEffects":true,"showParticleSystems":true,"showVisualEffectGraphs":true,"m_FxEnabled":true},"in2DMode":false,"pivot":{"x":181.9808807373047,"y":23.904321670532228,"z":88.5046615600586},"rotation":{"x":0.08353815227746964,"y":-0.35954123735427859,"z":0.03235939145088196,"w":0.9289196729660034},"size":12.517112731933594,"orthographic":false}