{"cameraMode":{"drawMode":0,"name":"Shaded","section":"Shading Mode"},"sceneLighting":false,"audioPlay":false,"sceneViewState":{"m_AlwaysRefresh":false,"showFog":true,"showSkybox":false,"showFlares":true,"showImageEffects":true,"showParticleSystems":true,"showVisualEffectGraphs":true,"m_FxEnabled":true},"in2DMode":false,"pivot":{"x":-0.008143357932567597,"y":0.25510185956954958,"z":0.001680612564086914},"rotation":{"x":0.19006535410881043,"y":-0.06944360584020615,"z":0.013491913676261902,"w":0.9793108105659485},"size":0.28755441308021548,"orthographic":false}