{"cameraMode":{"drawMode":0,"name":"Shaded","section":"Shading Mode"},"sceneLighting":false,"audioPlay":false,"sceneViewState":{"m_AlwaysRefresh":false,"showFog":true,"showSkybox":false,"showFlares":true,"showImageEffects":true,"showParticleSystems":true,"showVisualEffectGraphs":true,"m_FxEnabled":true},"in2DMode":false,"pivot":{"x":0.14188607037067414,"y":3.5953269004821779,"z":1.154538631439209},"rotation":{"x":0.11524329334497452,"y":0.002980004996061325,"z":-0.00034570673597045243,"w":0.9933335185050964},"size":3.9486238956451418,"orthographic":false}